<?xml version="1.0" encoding="utf-8"?>
<extension type="module" version="2.5" client="site" method="upgrade">
  <name>Joombig our team testimonials</name>
  <author>joombig.com</author>
  <creationDate>10/2014</creationDate>
  <copyright>Copyright (C) 2014 joombig.com. All rights reserved.</copyright>
  <license>http://www.gnu.org/licenses/gpl-2.0.html GNU/GPL</license>
  <authorEmail>support@joombig.com</authorEmail>
  <authorUrl>www.joombig.com</authorUrl>
  <version>1.1</version>
  <description>MODULE_DESC</description>
  <languages>
    <language tag="en-GB">language/en-GB.mod_joombig_our_team_testimonials.ini</language>
  </languages>
  <files>
    <filename module="mod_joombig_our_team_testimonials">mod_joombig_our_team_testimonials.php</filename>
    <filename>helper.php</filename>
    <filename>index.html</filename>
    <folder>tmpl/</folder>
    <folder>fields/</folder>
    <folder>helpers/</folder>
    <folder>language/</folder>
    <folder>assets/</folder>
  </files>
  <config>
    <fields name="params">
      <fieldset name="basic" addfieldpath="/modules/mod_joombig_our_team_testimonials/fields">
        <field type="assets" url="/modules/mod_joombig_our_team_testimonials/assets" />
        <field type="tmpl" name="sp_style" default="Ourteamtestimonials"  label="STYLE" description="STYLE_DESC" />
		<field name="width_module" type="text" default="960" label="Width of Module" description="Width without px" />
		<field name="height_module" type="text" default="200" label="Height of Module" description="Height without px" />
		<field name="top_image" type="text" default="0" label="Top of Image" description="Top without px" />
		<field name="left_image" type="text" default="0" label="Left of Image" description="Left without px" />
		<field name="background" type="hotcolor" default="#fff" label="Background" description="Background"/>
		<field name="enable_jquery" type="radio" default="1" label="Enable/Disable jQuery" description="Enable/Disable jQuery">
		<option value="1">Enable</option>
		<option value="0">Disable</option>
		</field>
      </fieldset>
      <fieldset name="sliders" description="Setting for all item,Click Add New(require fill title)" label="Setting Item">
        <field type="sliders" name="sliders" />
      </fieldset>
	  <fieldset name="animation">
        <field type="animation" name="animation" />
		<field type="loader" />

		<field name="font_size_intro" type="text" default="13" label="Font size of introtext" description="Font size without px" />
		<field name="color_intro" type="hotcolor" default="#fff" label="Color of introtext" description="Color Intro Text" />
		
		<field name="font_size_author" type="text" default="12" label="Font size of author text" description="Color author text" />
		<field name="color_author" type="hotcolor" default="#666" label="Color of author text" description="Color author text" />
		
		<field name="color_des_author" type="hotcolor" default="#333" label="Color of des author text" description="Color des author text" />
		<field name="font_size_des_author" type="text" default="#12" label="Font size des author text" description="Font size des author text" />
		
      </fieldset>
      <fieldset name="advanced">	  
		<field name="moduleclass_sfx" type="text" label="COM_MODULES_FIELD_MODULECLASS_SFX_LABEL" description="COM_MODULES_FIELD_MODULECLASS_SFX_DESC" />
		<field name="module_cache" type="list" default="1" label="COM_MODULES_FIELD_CACHING_LABEL" description="COM_MODULES_FIELD_CACHING_DESC">
		<option value="1">JGLOBAL_USE_GLOBAL</option>
		<option value="0">COM_MODULES_FIELD_VALUE_NOCACHING</option>
		</field>
		<field name="cache" type="hidden" default="1" />
		<field name="cache_time" type="text" default="900" label="COM_MODULES_FIELD_CACHE_TIME_LABEL" description="COM_MODULES_FIELD_CACHE_TIME_DESC" />
		<field name="cachemode" type="hidden" default="itemid">
			<option value="itemid"></option>
		</field>
      </fieldset>
    </fields>
  </config>
</extension>