<?xml version="1.0" encoding="utf-8"?>
<!DOCTYPE install SYSTEM "http://dev.joomla.org/xml/1.5/component-install.dtd">
<extension type="component" version="2.5" method="upgrade">
  <name>com_jaextmanager</name>
  <creationDate>May 2013</creationDate>
  <copyright>Copyright (C), J.O.O.M Solutions Co., Ltd. All Rights Reserved.</copyright>
  <license>license GNU/GPLv3 http://www.gnu.org/licenses/gpl-3.0.html</license>
  <author>JoomlArt</author>
  <authorEmail>webmaster@joomlart.com</authorEmail>
  <authorUrl>http://www.joomlart.com</authorUrl>
  <version>2.5.7</version>
  <updateservers>
    <server type="collection">http://update.joomlart.com/service/tracking/list.xml</server>
</updateservers>
  <description>JA Extension Manager Component</description>

  <administration>
    <menu link="option=com_jaextmanager" img="components/com_jaextmanager/assets/images/jauc.png">COM_JAEXTMANAGER</menu>
    <files folder="admin">
      <filename>index.html</filename>
      <filename>config.xml</filename>
      <filename>jaextmanager.php</filename>
      <filename>controller.php</filename>
      <filename>constants.php</filename>
      <folder>assets</folder>
      <folder>controllers</folder>
      <folder>helpers</folder>
      <folder>lib</folder>
      <folder>models</folder>
      <folder>tables</folder>
      <folder>views</folder>
      <folder>installer</folder>
    </files>

    <languages folder="admin/installer/language/admin">
      <language tag="en-GB">en-GB.com_jaextmanager.ini</language>
      <language tag="en-GB">en-GB.com_jaextmanager.sys.ini</language>
    </languages>

  </administration>
  <install>
    <sql folder="admin">
	  <file driver="mysql" charset="utf8">installer/sql/install.jaextmanager.sql</file>
	</sql>
  </install>
  <uninstall>
    <sql folder="admin">
      <file driver="mysql" charset="utf8">installer/sql/uninstall.jaextmanager.sql</file>
    </sql>
  </uninstall>

  <installfile>install.jaextmanager.php</installfile>
  <scriptfile>script.jaextmanager.php</scriptfile>
  
	<jaupdater>
        <tables>
            <table>#__jaem_log</table>
            <table>#__jaem_services</table>
        </tables>
        
        <versions folder="admin">
            <version version="1.1.0">
				<changelogUrl>http://pm.joomlart.com/browse/JAECCOMJAEXTMANAGER?report=com.atlassian.jira.plugin.system.project:changelog-panel</changelogUrl>
            </version>
            <version version="1.0.2">
				<changelogUrl>http://pm.joomlart.com/browse/JAECCOMJAEXTMANAGER?report=com.atlassian.jira.plugin.system.project:changelog-panel</changelogUrl>
            </version>
            <version version="1.0.1">
				<changelogUrl>http://pm.joomlart.com/browse/JAECCOMJAEXTMANAGER?report=com.atlassian.jira.plugin.system.project:changelog-panel</changelogUrl>
            </version>
            <version version="1.0.0">
                <upgrade>installer/sql/upgrade_v1.0.0.sql</upgrade>
                <rollback>installer/sql/downgrade_v1.0.0.sql</rollback>
				<changelogUrl>http://pm.joomlart.com/browse/JAECCOMJAEXTMANAGER?report=com.atlassian.jira.plugin.system.project:changelog-panel</changelogUrl>
            </version>
        </versions>        
    </jaupdater>

</extension>
